{
  "activeRunDestination" : {
    "disableOnlyActiveArch" : true,
    "platform" : "iphonesimulator",
    "sdk" : "iphonesimulator",
    "supportedArchitectures" : [

    ],
    "targetArchitecture" : "aarch64"
  },
  "configurationName" : "Release",
  "overrides" : {
    "synthesized" : {
      "table" : {
        "CC" : "/Applications/Xcode-16.1.0.app/Contents/Developer/Toolchains/XcodeDefault.xctoolchain/usr/bin/clang",
        "LIBRARY_SEARCH_PATHS" : "$(inherited) /Applications/Xcode-16.1.0.app/Contents/Developer/Toolchains/XcodeDefault.xctoolchain/usr/lib",
        "OTHER_CFLAGS" : "$(inherited) -isysroot /Applications/Xcode-16.1.0.app/Contents/Developer/Platforms/iPhoneSimulator.platform/Developer/SDKs/iPhoneSimulator18.1.sdk -F /Applications/Xcode-16.1.0.app/Contents/Developer/Platforms/MacOSX.platform/Developer/Library/Frameworks -g",
        "OTHER_CPLUSPLUSFLAGS" : "$(inherited) -g",
        "OTHER_LDFLAGS" : "$(inherited)",
        "OTHER_SWIFT_FLAGS" : "$(inherited) -sdk /Applications/Xcode-16.1.0.app/Contents/Developer/Platforms/iPhoneSimulator.platform/Developer/SDKs/iPhoneSimulator18.1.sdk -F /Applications/Xcode-16.1.0.app/Contents/Developer/Platforms/MacOSX.platform/Developer/Library/Frameworks -I /Applications/Xcode-16.1.0.app/Contents/Developer/Platforms/MacOSX.platform/Developer/usr/lib -L /Applications/Xcode-16.1.0.app/Contents/Developer/Platforms/MacOSX.platform/Developer/usr/lib -g",
        "SWIFT_EXEC" : "/Applications/Xcode-16.1.0.app/Contents/Developer/Toolchains/XcodeDefault.xctoolchain/usr/bin/swiftc"
      }
    }
  }
}